,DummyChurn
1848,1
2779,0
2601,0
9957,0
8455,0
8393,0
8783,0
8614,0
8766,0
7085,0
2246,0
2643,1
3980,0
1542,0
6478,0
7833,0
5063,0
7249,0
2587,0
1315,0
2341,1
2511,1
4894,0
6094,0
1768,0
9080,0
3049,0
6014,1
3008,0
7052,0
2053,0
7106,0
2801,1
6347,1
1466,0
7141,0
7434,0
1790,1
9263,0
2932,0
6490,0
9239,0
2538,0
8041,0
2519,0
9141,0
3525,0
8202,0
7324,0
7985,0
7630,0
8326,1
1346,0
1750,1
3662,0
3099,0
9657,0
686,0
4925,0
5000,0
8939,0
6221,0
5812,0
9520,0
7047,0
2309,0
9310,0
832,1
8395,0
7269,0
3689,1
1682,1
6944,0
6232,0
7032,0
3376,0
5314,0
8907,0
2746,0
1835,0
9305,0
8977,0
8434,0
5371,0
7153,0
7810,0
4440,0
5852,0
6470,0
7851,0
264,1
3969,0
2625,0
4528,0
4792,1
7079,0
2510,0
3232,0
8688,0
7556,0
5567,1
7234,0
9752,0
9682,0
1706,0
2252,1
8431,0
5992,1
6266,0
8832,0
1048,0
5353,0
8805,0
635,1
3633,1
7162,0
5444,0
6108,0
1868,1
4120,0
3833,1
6728,0
7671,0
6349,0
9254,0
2378,1
8605,0
1566,0
6405,0
2097,1
4685,1
8822,0
8932,0
647,1
6521,0
5790,0
3784,1
2287,1
4953,0
1654,1
2353,1
690,0
8196,0
9468,0
4525,0
5162,0
5858,0
4030,1
5615,0
6392,0
9644,0
5413,0
602,0
1818,1
5546,0
2791,1
6852,0
730,0
3480,0
8069,0
4252,1
2754,0
257,0
7096,0
2180,0
6542,0
2569,0
6517,0
7623,0
4463,1
133,1
869,0
4753,1
2997,0
9479,0
4187,0
5184,0
6434,0
5337,0
5066,1
9803,0
7537,0
4066,1
883,1
8692,0
2324,0
7820,0
2241,1
3348,1
5747,1
5290,0
6235,1
6474,0
5936,0
5642,0
9283,0
6942,0
1052,1
2970,0
9653,0
2381,1
9385,0
6748,0
1104,0
42,1
3359,0
4615,1
9382,0
9609,0
6633,0
2291,0
9941,0
4480,0
6691,0
7177,0
6990,0
6033,0
4238,0
2343,1
1758,1
5091,0
9316,0
3290,1
974,1
437,1
5850,0
3401,0
8550,0
785,0
1086,1
7622,0
8751,1
6695,0
7515,0
503,1
2387,0
5575,0
3281,1
3543,1
6039,0
7729,0
713,1
5073,0
8639,0
6834,0
197,0
5079,0
801,1
9536,0
3508,1
7343,0
8951,0
8089,0
4966,1
3143,1
7640,0
4197,1
8900,0
8307,0
2019,0
7801,0
7970,0
8888,0
3189,1
9877,0
1095,0
9423,1
2414,1
6518,0
6614,0
5024,0
7768,0
4607,1
5006,0
354,1
32,1
6458,0
377,1
5645,0
1564,0
9820,0
1701,1
5158,0
6224,1
3300,1
8470,0
4612,0
9352,0
5148,0
5667,0
3147,0
1474,1
6532,0
5077,1
4294,1
2637,0
9424,0
2522,1
9284,0
7558,0
2482,0
6049,0
8523,1
2118,1
2302,1
7184,0
1572,0
7585,0
5028,0
4157,1
1488,1
8266,0
7041,0
6231,0
7165,0
1186,0
3082,1
9491,1
6889,0
7386,0
2013,0
434,1
9892,1
3573,0
2590,1
5478,0
8695,0
5159,0
781,1
5629,0
6468,0
6823,0
838,0
786,1
2025,1
1724,0
5403,0
33,1
5310,0
4767,1
352,0
3308,1
9440,1
6629,0
4846,0
6283,0
1336,0
2161,0
5034,0
6482,0
9351,0
5430,0
2943,0
9643,0
5630,0
5067,0
4056,0
2823,0
6012,0
646,0
6781,0
2151,0
7991,0
2254,0
5300,0
3917,0
5510,0
9721,0
2009,1
7615,0
3819,0
6009,1
9817,0
7720,0
3296,1
5566,0
9856,0
3002,0
4616,1
9807,0
5292,0
7655,1
1365,1
5760,0
2463,0
2631,0
375,1
3598,1
3497,0
8411,0
6657,0
9005,0
5511,0
160,1
2012,1
52,0
8897,0
449,0
3436,0
3461,0
6752,0
4164,1
9518,0
8459,0
3956,0
495,1
773,0
4856,1
479,0
7048,0
5250,0
6198,0
9121,0
2282,0
6337,0
4917,1
9326,0
9629,0
6281,0
5818,0
9342,0
3283,0
4551,1
678,0
5452,0
1508,0
4034,0
1666,1
3399,1
1220,0
6301,0
4581,1
3188,1
631,1
6865,0
1817,0
3411,0
3050,1
4106,1
8876,0
5942,0
5880,0
6335,0
8911,0
6927,0
9997,0
7472,0
3545,0
7321,0
6238,0
6882,0
834,1
1910,1
6170,0
7258,0
2136,1
8476,0
6925,0
8844,0
5710,0
9232,0
859,0
174,0
1962,1
1741,1
507,0
2196,0
4768,1
4000,0
5014,0
2280,0
2405,1
4664,0
7480,0
5096,0
2342,1
6388,0
6595,0
928,1
9947,0
3017,0
7221,0
7210,0
1224,0
7621,0
676,0
9176,0
5848,0
1028,0
8058,0
3007,0
3424,0
8960,0
7838,0
6943,1
3341,0
9142,1
8505,1
6792,0
6026,0
564,0
2130,1
6051,0
4074,0
1395,1
3350,0
4606,0
1779,1
8256,0
2004,1
1552,0
7065,0
2420,0
1406,0
9106,0
158,1
8314,0
5740,0
5280,0
2950,0
5328,0
9944,0
6597,0
6693,0
4455,0
7902,0
4121,1
7759,0
7458,0
741,0
8329,0
2419,0
1421,0
1070,0
259,1
2239,0
6816,0
9907,0
4110,0
824,1
6525,0
2998,0
4547,1
6071,0
2203,1
5727,0
8773,0
4439,0
5456,0
2549,0
3991,1
9837,0
5565,0
7898,0
3694,1
6715,0
1898,0
1621,0
9209,0
2936,1
416,0
997,0
349,1
6929,0
6107,0
4107,0
8185,0
6757,0
8352,0
1088,0
9630,0
3408,1
5571,0
6514,0
9797,0
7968,0
4891,1
4943,0
8532,0
3509,0
4211,1
3745,1
7685,0
1683,1
2802,0
3207,1
139,1
8056,0
9500,0
5415,0
4092,1
5637,0
1293,0
3531,0
2734,0
38,0
9488,0
4761,1
7034,0
3553,0
6955,0
4088,0
5263,0
3539,0
9517,0
5422,0
2567,0
6219,0
4996,1
9417,0
3123,0
939,1
6530,0
8909,0
227,0
1789,1
6265,0
2213,0
5393,0
9448,0
253,1
2676,0
9602,0
8152,0
1194,0
8602,0
8144,0
9548,0
8813,0
2756,0
3607,0
324,1
4475,1
1452,0
4102,1
2807,1
2278,0
4246,1
6995,0
3711,0
1865,0
4467,1
1451,0
1702,0
3614,1
9780,0
1793,1
5811,0
5462,0
314,0
5319,0
9473,0
5277,0
4423,1
3150,0
9436,0
7546,0
844,0
6886,0
3033,1
2085,1
5626,0
6669,0
617,1
3310,1
9703,0
6920,0
8981,0
2879,0
4193,1
9870,0
9793,0
8898,0
8010,0
5961,1
9054,0
4937,0
512,1
7119,0
7855,0
4813,0
124,0
1068,1
7076,0
8728,0
9246,0
5953,0
472,0
9063,0
7470,0
8581,0
6776,0
980,0
8110,0
1562,1
4390,1
292,0
9888,0
589,0
5520,1
4537,0
2699,0
3090,0
5356,0
4024,0
977,1
5674,0
5731,0
189,0
3013,1
4371,1
8232,0
2840,1
4883,1
5617,0
9836,0
9855,0
2042,1
8789,0
9627,0
4715,0
3506,0
2507,0
4595,0
945,1
5182,0
7763,0
2162,1
1424,0
720,0
5767,0
3670,0
6798,0
1976,1
3074,1
751,1
3224,0
2089,0
8835,0
5711,0
6540,1
6133,0
5587,1
1481,1
328,0
8658,0
8441,0
4033,0
4142,0
3117,1
3302,0
3949,0
9848,0
6906,1
5659,0
2745,1
6473,0
9038,0
4359,1
9571,0
5903,0
7003,0
5380,0
2895,1
5766,0
2969,0
3783,1
5959,0
4085,0
5145,0
8500,0
3965,0
9574,0
5955,0
3445,0
6609,0
6382,0
5544,0
5941,0
4497,1
5271,0
4529,1
211,0
9591,0
1286,1
1017,0
3180,1
3174,0
2650,0
59,0
3835,1
8878,0
7817,0
1661,1
4799,0
5935,0
4293,0
4576,1
7626,0
1438,1
5342,0
1597,0
5805,0
2900,0
552,1
6885,0
1669,0
8364,0
6465,0
1335,1
4160,1
8983,0
4730,0
4165,1
5293,0
4627,1
1496,0
1900,1
3355,1
1376,0
9971,0
6899,0
8617,0
2593,0
4122,0
9534,0
6090,0
7135,0
855,1
4150,0
1845,1
8812,0
6763,1
6641,0
8090,0
8207,0
150,1
2690,1
3535,1
9293,0
5555,0
4254,0
1846,0
3986,1
9498,0
7191,0
43,0
6812,0
7688,0
8420,0
311,1
5806,0
6507,0
2441,1
8288,0
2982,1
5950,0
3438,0
4492,1
5489,0
3963,1
3960,1
6024,0
4574,1
8454,0
7108,0
2283,0
3039,1
4388,0
1965,1
3387,0
4365,1
5677,0
7591,0
3676,0
4936,0
9610,0
1881,0
6095,0
380,0
4618,1
6212,0
7967,0
28,1
5957,0
8100,0
2480,1
4233,1
9625,0
2087,0
8450,0
6344,0
9230,0
4173,0
1631,1
5813,0
5526,0
1156,0
4084,1
2859,1
8424,0
1875,0
705,0
1509,0
4783,0
2657,1
8871,0
9276,0
7852,0
4345,1
8200,0
5933,0
4530,0
9136,0
326,1
249,0
5255,0
8366,0
8340,0
9607,0
2561,1
8334,0
7159,0
3425,1
7430,0
6937,0
3430,0
6017,0
776,0
4646,1
6892,0
2497,0
2316,1
1049,0
7399,0
3861,1
3640,1
9237,1
9986,0
7737,0
1851,0
2809,1
6368,0
7705,0
2624,1
4723,1
3762,1
2459,0
8701,0
9235,0
9555,0
7134,0
1170,0
1230,0
4718,1
3514,0
4624,0
1476,0
8003,0
3886,1
8959,0
6046,0
2337,0
1110,0
6822,0
1560,0
8727,0
7603,0
2681,0
8361,0
1624,1
7903,0
9895,0
208,1
3659,0
2001,1
8600,0
75,1
608,1
8874,0
6000,0
6327,0
6818,0
4382,0
2891,1
7396,0
1694,0
327,1
3652,0
2547,1
1747,1
8278,0
4652,0
7572,0
9628,0
8226,0
4613,0
3801,0
274,0
269,1
8803,0
2628,0
9580,0
1978,0
1482,1
8791,0
809,1
5408,0
271,1
1373,0
3141,1
9061,0
9798,0
1198,1
4935,0
5177,1
6966,0
6294,0
4876,1
4549,1
5397,0
4954,0
4192,0
2400,1
5943,0
1984,0
233,0
9257,0
8712,0
3624,1
7555,0
8367,0
9983,0
4987,1
8330,0
518,0
3781,1
5685,0
2572,0
2234,1
529,1
7105,0
5844,0
9620,0
6109,0
8191,0
6804,0
3827,0
2710,1
4727,1
2847,1
8354,0
9407,0
9787,0
661,0
6692,0
3580,0
7707,1
6325,0
9638,1
1054,0
9768,0
9921,0
98,0
6426,0
6846,0
4250,1
2898,1
1983,0
4781,1
6089,0
8222,0
5641,0
9932,1
1584,0
719,0
458,0
6850,0
9238,1
7512,0
2023,0
2588,0
5876,0
8484,0
4643,1
8415,0
4945,0
983,1
3872,0
9399,0
4982,0
9528,0
5994,0
5113,0
5178,0
3048,1
1414,1
3477,1
3105,0
1558,0
8511,0
9201,0
7955,0
1079,1
5612,0
1812,0
3156,0
462,1
4438,1
2877,0
6697,1
8936,0
2858,1
6423,0
3871,0
3010,0
7750,0
2275,1
8348,0
9916,0
8283,0
8564,0
2971,1
6082,1
5330,0
2524,1
6700,0
9584,0
8198,0
5759,0
6028,0
4408,1
8999,0
7532,0
7250,0
8571,0
1260,1
4217,0
3687,0
5102,1
1181,0
1519,0
198,0
136,0
695,1
8399,0
7856,0
8092,0
3785,1
9297,0
7990,0
2755,1
5518,1
5775,0
251,0
3832,0
8482,0
5703,0
7497,0
5908,0
1093,0
5112,0
4579,0
3270,1
3297,1
1401,1
1968,1
7886,0
5273,0
7522,0
3228,1
6037,0
4979,1
4546,0
2200,0
1099,1
463,0
6422,0
9710,0
1598,0
6831,0
5978,0
9018,0
1832,0
2874,1
4060,0
5954,0
5609,0
6751,0
3415,1
3500,0
6340,0
7073,0
9143,0
1892,1
582,0
1283,0
9109,0
5507,0
6688,0
5631,0
1076,0
2808,0
7567,0
9974,0
6375,0
7989,0
3600,0
3978,0
7265,0
2902,0
4713,0
6334,0
5962,0
3858,0
7461,0
8917,0
2079,1
8421,0
6176,0
8384,0
9083,0
2084,1
2121,0
827,0
9815,0
9939,1
7427,0
9416,0
975,0
5316,0
677,0
8776,0
9171,0
8884,0
4443,0
7364,0
3620,0
9833,0
2789,0
8492,0
3045,1
3501,1
2941,0
2379,1
4786,1
3921,0
8798,0
2214,0
272,1
3822,0
1222,1
9844,0
6087,0
985,1
210,0
7870,0
2421,1
5513,0
201,1
2843,1
5252,0
175,1
5068,0
5972,0
3685,0
1548,1
6727,0
7023,1
3366,0
7227,0
5911,0
8722,0
8030,0
6973,0
2806,0
7287,0
8651,0
9247,1
5486,0
4485,1
6557,0
9872,0
4822,1
1971,1
8005,0
8048,0
1787,0
404,0
152,0
8018,0
7689,0
2552,1
6004,0
5499,0
2621,0
6743,0
6785,0
1270,1
9354,0
1185,1
9857,0
8862,0
7633,0
3758,1
332,1
342,0
6450,0
9217,0
6508,1
890,0
6824,0
9503,0
8473,0
8691,0
1799,1
255,1
6493,0
8913,0
1502,1
833,0
2780,0
4920,0
4752,0
9107,0
3595,0
9529,0
3736,1
7728,0
5926,0
53,1
3024,1
2320,0
2589,1
7780,1
3168,1
1522,1
2530,1
5758,0
2795,1
3840,0
7956,0
8950,0
4777,1
1458,0
3842,1
2504,0
1040,1
4409,1
4050,1
9431,0
2683,0
7530,0
3708,0
5528,0
8267,0
2318,1
5083,0
3912,1
6905,0
7431,0
9339,0
9381,0
9344,1
7941,0
9824,0
410,1
605,1
3735,0
361,1
8138,0
3086,1
6897,0
3528,1
963,1
6055,0
9222,0
2751,1
8821,0
9582,0
6497,0
1760,1
524,1
4385,0
245,0
4020,1
3769,1
970,0
7445,0
2206,0
7698,0
9095,0
6969,0
9632,0
4026,1
3364,0
3864,0
7745,0
9572,0
6305,1
9325,0
8265,0
3009,0
8497,0
7835,0
2300,0
277,0
5103,0
4053,1
481,1
2069,0
7381,0
755,1
4886,1
2104,1
1778,1
2886,0
4860,0
6811,0
9812,0
2046,1
6156,0
8759,0
5825,0
2532,1
6640,0
5,0
1475,1
8558,0
9865,1
4206,0
5604,0
1412,1
9597,0
8534,0
379,1
6203,0
665,0
2747,1
9164,0
5228,0
1148,1
6896,0
4004,0
3674,0
5117,0
8673,0
8567,0
3989,0
5921,1
3510,1
6153,1
1219,1
4962,1
7565,0
1409,0
5027,0
3859,0
9551,0
752,0
5070,0
460,1
2100,0
5131,0
7138,0
5119,0
2541,1
83,0
1071,1
1991,1
4580,1
7964,0
86,0
7842,0
5461,1
948,1
1712,1
1063,0
4949,0
4654,1
5787,0
775,0
6611,0
388,1
6397,0
7563,0
5196,0
5105,0
3727,0
4420,0
5611,0
5023,0
9998,0
6949,0
771,1
5061,0
4842,1
5400,0
2717,0
1177,0
6216,0
9,0
7425,0
6793,0
2319,0
532,1
7579,0
6533,0
1486,0
613,0
4881,1
5474,0
1995,0
4559,0
4605,0
1034,1
1546,1
9456,0
3175,1
5362,0
3524,0
232,1
6830,0
5389,0
1821,0
3548,1
4158,0
1888,0
8668,0
2696,1
3275,1
5893,0
2010,1
1236,0
8125,0
369,1
1124,1
4399,0
5141,0
8076,0
4707,0
616,1
2496,0
6264,0
2501,0
4132,0
2907,0
5466,0
8877,0
5335,0
8623,0
2862,0
8619,0
9759,0
3987,1
7125,0
517,0
6022,0
2719,1
1288,0
1308,0
4564,0
1296,0
4,1
2778,0
1825,1
3979,0
6526,0
8474,0
8449,0
865,1
5730,0
474,1
6488,0
7335,1
8882,0
3077,1
4803,0
7723,0
2770,0
3484,0
2715,0
2506,0
5523,0
691,0
444,0
261,1
9640,0
4710,1
860,0
4215,1
3732,0
1674,0
8698,0
7040,0
6253,0
8023,0
8745,0
8984,0
8992,0
1085,0
4076,1
5404,0
8734,0
335,0
6080,0
9995,0
3321,0
6683,0
3182,1
6547,0
2225,1
7011,0
5450,0
7379,0
5012,0
8258,0
207,0
7973,0
266,1
9804,0
1015,0
1439,0
2099,1
1749,1
7948,0
76,1
3505,0
4998,0
1272,0
2788,0
9707,0
3335,0
5810,0
3170,1
4339,1
1126,0
7638,0
3268,0
7039,0
9875,0
9716,0
3059,1
7760,0
6870,0
3716,0
3363,1
7938,0
7280,1
9052,0
3538,1
6777,0
316,1
1959,0
451,0
7477,0
9847,0
6659,1
1117,1
7607,0
5160,1
3654,0
1279,0
1499,1
1174,1
1653,1
5502,0
5548,0
5307,0
7722,0
7468,0
4013,1
2811,0
1948,0
2294,1
127,0
7194,0
3128,1
6948,0
2633,0
6983,0
2365,1
5206,0
172,0
7289,0
2722,0
6784,0
3547,0
9220,0
7606,0
8792,0
6201,0
301,0
1820,0
7089,0
2231,1
6249,0
5446,0
1590,0
5937,0
1232,1
9096,0
1380,1
6067,0
1007,0
5588,0
58,1
4358,1
429,0
2721,0
2477,0
6922,0
1290,1
5087,0
9526,0
6522,0
7577,0
6207,0
6539,0
669,0
7798,0
2394,0
7437,0
6241,0
5420,0
9075,0
5213,0
5009,0
7871,0
8552,0
2668,0
3314,1
66,1
3570,0
989,0
4218,0
9665,0
2195,0
5121,0
2533,0
3703,1
6642,0
5491,0
8317,0
2990,0
4536,0
6603,0
8647,0
4458,1
1349,1
3804,1
9411,0
1526,0
4149,0
820,1
7482,0
3299,0
5465,0
234,0
1944,0
4560,0
6027,0
594,1
2684,0
248,0
9608,0
7865,0
4230,1
1626,0
1436,0
9225,0
9155,0
4431,0
8408,0
1582,1
9661,0
3630,0
5602,0
1947,0
769,0
7814,0
5988,0
2837,1
717,1
886,0
9462,0
1227,0
6930,0
1673,1
7259,0
9485,0
1762,1
9207,0
9724,0
7239,0
6884,0
599,0
1344,1
1703,1
3255,0
8263,0
1417,0
854,0
7800,0
9477,0
1858,0
3558,0
3583,0
5418,0
3340,1
3499,1
8824,0
4675,0
254,1
1367,0
450,0
4103,0
8410,0
3887,0
894,0
7491,0
958,0
5665,0
7179,0
3591,0
1216,0
3802,1
9279,0
101,0
9606,0
1730,1
3385,1
8301,0
5635,0
8512,0
6244,0
1586,0
1692,1
3734,0
863,1
7416,0
3165,1
4040,0
6329,0
6413,1
8763,0
4708,0
560,1
2447,1
5951,0
8863,0
899,0
6749,0
3800,0
106,1
7620,0
8353,0
191,1
243,1
5689,0
1031,0
5033,0
1744,0
4631,0
9858,0
5550,0
1030,1
7193,0
9977,0
762,0
9169,0
6538,0
6843,0
3628,0
8126,0
9349,0
7479,0
9137,0
3247,0
6911,0
2090,0
4592,0
8216,0
2375,0
1051,0
537,0
8690,0
5577,0
7128,0
6324,0
3702,1
1867,0
2238,0
4749,0
4484,1
4739,0
51,1
5939,0
459,0
3250,1
1525,0
5984,0
3838,1
278,1
2313,1
6484,0
3829,0
4264,0
9816,0
5339,0
1605,0
9090,0
7610,0
3692,1
3214,0
4256,0
5455,0
7813,0
6849,0
2573,1
1285,1
7172,0
1487,0
7862,0
4545,0
296,0
7333,0
9097,0
5082,0
3772,0
9367,0
4669,1
7264,0
3646,0
2228,1
9912,0
5993,0
4961,1
2782,1
8438,0
2065,1
2833,0
419,0
5303,0
3571,0
5035,0
2962,1
9651,0
306,0
4495,0
6173,0
3223,1
4493,0
4573,0
5684,0
6971,0
4802,1
3586,1
5707,1
1715,0
6185,0
9435,0
3603,0
4558,0
9985,0
242,0
7994,0
5785,0
166,0
9973,0
8489,0
9801,1
8731,0
5807,0
823,0
3908,0
2764,1
959,0
6510,0
4295,1
2863,1
8419,0
9405,0
3367,0
3681,1
1722,1
8154,0
3990,0
302,1
9177,0
607,1
850,1
9966,0
2986,1
3468,1
7755,0
787,0
8327,0
6429,0
3742,1
490,1
4538,1
9693,0
3680,0
3537,0
224,1
1716,1
304,0
2431,0
1657,0
932,1
107,1
7486,0
1140,1
4535,1
7981,0
6371,0
2827,1
4947,1
9695,0
3215,0
6399,0
8683,0
8760,1
6151,0
8250,0
9652,0
6174,0
7317,0
3153,1
7885,0
3641,0
576,0
1827,1
5706,0
999,1
3718,0
1914,1
5391,0
3996,1
7290,1
8392,0
6150,0
8260,0
9452,0
9722,0
1843,0
6175,0
6319,0
1494,0
9743,0
2167,1
2305,0
8833,0
8659,0
7164,0
8358,0
9519,0
6721,0
4070,1
2922,0
8134,0
8123,0
6145,0
3061,0
9361,0
3618,0
3854,0
5214,0
5129,0
9471,0
4174,1
8818,1
6957,0
9708,0
9489,0
7703,0
3463,1
7195,0
6773,0
31,0
142,0
3615,1
3205,0
9447,0
6835,0
1006,1
389,1
412,0
1665,1
9951,0
7066,0
6928,0
7489,0
6571,0
8007,0
3231,1
1196,0
2044,1
1734,1
3434,0
8943,0
1915,1
8607,0
914,1
6304,0
7155,0
7904,0
8838,1
714,0
2017,1
4199,0
2988,0
4873,0
1098,1
2106,1
4680,1
9557,0
8816,0
5169,0
5996,0
125,0
2608,0
1909,0
4316,0
5990,0
6092,0
4198,0
5569,0
2308,1
652,1
3723,1
4298,1
9459,0
569,1
8788,0
2945,1
7463,0
952,1
7832,0
6862,0
7297,0
119,1
1459,0
683,0
7808,0
3210,0
8680,0
5165,0
3824,0
1664,0
6853,0
5445,0
4042,1
5416,0
6702,0
5841,0
5584,0
237,1
6579,0
9819,0
1530,0
3830,0
2364,1
9930,0
469,0
1094,1
1887,0
1388,1
1084,1
3776,0
632,0
1004,1
8565,0
5929,0
8118,0
5016,0
4534,0
2685,0
4567,1
2178,1
9193,0
1060,0
6328,0
6687,0
4318,1
9524,0
4292,1
2498,0
3691,0
8696,0
6960,0
9195,0
885,0
7736,0
4763,1
2014,1
4229,1
799,0
9213,0
7513,0
1767,0
4421,1
7747,0
2438,1
6970,0
9046,0
1416,1
192,1
8802,0
3356,1
7373,0
8416,0
3707,1
8587,0
953,1
1035,0
740,0
6057,0
2345,0
8093,0
9700,0
2259,1
4832,0
5906,0
8667,0
5490,0
8422,0
3592,1
5029,0
164,1
7200,0
5251,0
420,0
3029,1
1575,0
6636,0
6648,0
9101,0
4242,0
4772,1
6534,0
2645,1
5763,0
4505,0
2728,1
9332,0
8190,0
3012,0
4177,1
363,1
6081,0
61,0
7007,0
9894,0
3421,0
9993,0
3613,1
9830,0
4787,1
5851,0
7551,0
7057,0
3265,1
5593,0
2417,1
8612,0
3219,0
6756,0
5628,0
2361,1
8989,0
1589,1
1200,0
6314,0
6643,0
1988,0
1001,1
6933,0
2470,0
1731,1
2595,0
1933,0
4282,0
871,0
9356,0
5038,0
2824,1
3495,0
1641,0
4572,0
1975,0
5323,0
7766,0
8204,1
2442,1
4650,1
8105,0
7231,0
8920,0
8557,0
4510,0
184,1
3119,1
922,0
2766,1
7004,0
5142,0
2058,0
6477,0
2129,1
3098,1
7314,0
4934,1
9600,0
3186,1
2110,1
847,1
1816,0
435,1
761,0
808,1
5501,0
1182,0
4272,0
5718,0
8677,0
148,1
2627,1
7758,0
5065,0
2636,1
5870,0
2804,1
1114,1
9337,0
5537,0
3104,1
2301,1
1714,1
7120,0
4754,1
2327,1
9110,0
1989,1
1188,0
9953,0
9669,0
9014,0
1265,1
9200,0
305,1
3721,0
9243,0
5887,0
8338,0
8429,0
5212,0
4778,0
5050,0
3273,0
4748,0
1999,1
4353,0
9215,0
8378,0
1532,1
475,1
348,1
8114,0
468,0
8432,0
149,1
9346,0
7189,0
9451,0
5822,0
1794,0
8405,0
5496,0
4511,0
5725,0
6041,1
6048,0
2108,0
3413,1
1011,0
586,1
9286,0
6010,0
7552,0
8971,0
1545,1
7693,0
7899,0
3920,1
6565,0
1483,0
1922,1
337,1
9404,0
9886,0
2961,0
471,1
1299,0
984,0
364,0
373,0
5089,0
7673,0
4156,1
2876,1
2385,1
6421,0
7521,0
7887,0
1364,1
4312,0
430,0
679,0
7352,0
7217,0
9596,0
6786,0
5914,0
7679,0
1974,1
9234,0
4449,1
4113,0
8122,0
651,0
3814,1
4658,1
6167,0
1540,0
8013,0
7368,0
7261,0
6282,0
7631,0
9088,0
319,0
4279,0
8201,0
5524,0
7220,0
2944,1
4657,1
9113,0
1144,1
8098,0
9116,0
1595,0
1010,1
7868,1
6492,0
3889,1
9114,0
64,0
1826,1
5011,0
5709,0
6860,0
788,0
6977,0
8072,0
8274,0
8577,0
7818,0
6655,0
2289,0
2038,0
2557,0
8510,0
8519,0
3493,1
9329,0
8919,0
6680,0
2461,0
5286,0
6686,0
5402,0
1032,0
8956,1
6038,0
9076,0
3533,1
7803,0
5387,0
8993,0
6813,0
6887,0
7414,0
2753,0
3315,1
9433,0
8073,0
8053,0
478,1
2955,0
5746,0
7853,0
5682,0
9544,1
5573,0
134,0
5600,0
4683,0
3561,1
7847,0
8929,1
1287,1
3962,0
853,1
9216,0
9460,0
5585,0
9658,0
1732,0
3305,1
7721,0
103,0
935,0
5874,1
6273,0
4168,1
5554,0
9634,0
8725,0
7404,0
4328,1
8407,0
2277,0
7133,0
4297,0
3799,0
8616,0
6466,1
4355,0
8024,0
4544,0
7238,0
4417,0
2157,1
2070,1
675,1
9765,0
3877,0
5124,0
6217,0
1801,1
8128,0
5226,0
7757,0
4952,0
9775,0
926,1
505,1
1467,1
8710,0
6438,0
8746,0
5881,0
2771,1
5751,0
9792,0
9259,0
9309,0
7643,0
4299,1
839,0
8611,0
6604,0
80,1
6190,0
4568,0
4270,1
50,1
8229,0
6619,1
8433,0
7033,0
6237,0
6543,0
6125,0
7393,0
4999,0
6962,0
4516,0
5046,0
1759,1
7907,0
2707,1
1649,1
5843,0
5613,0
2884,0
849,0
9304,0
9565,0
8373,0
9117,0
3286,1
5809,0
770,1
7109,0
1905,0
4310,0
8206,0
1450,0
9192,0
3309,0
322,1
1650,1
8548,0
6791,0
4445,0
6291,0
6689,0
4855,1
7380,0
92,0
8248,0
217,0
8755,0
2813,0
7246,1
9719,0
7115,0
7601,0
3111,0
3451,1
96,0
3880,1
3906,0
7213,0
5186,0
5199,0
4105,1
6215,0
8052,0
9853,0
3344,0
7874,0
7256,0
3353,0
3318,0
1677,0
8804,0
6315,0
8881,0
5431,0
8372,0
8735,0
8873,0
1039,1
7562,1
8466,1
1382,0
5982,0
3384,1
4818,0
1782,0
6537,0
9015,0
5414,1
2700,1
2415,0
6154,0
7653,0
4360,1
8908,0
7969,0
5284,0
2689,1
62,1
8604,0
3576,0
3928,0
9266,0
8409,0
5781,0
1964,0
3184,0
6006,0
1295,0
8417,0
1663,0
548,1
8401,0
9525,0
9504,0
7538,0
8893,1
355,0
5652,1
5220,0
4965,1
5135,0
12,0
2322,1
2655,1
6855,0
4603,0
5888,0
1119,0
3635,0
8902,0
1803,1
1309,0
546,1
3748,0
4133,0
7629,0
39,0
9131,0
2354,0
3910,0
7734,0
2750,1
925,1
3489,0
4712,0
3227,0
736,1
8019,0
4001,1
2605,0
8186,0
163,1
5536,0
4488,1
5924,0
9029,0
4063,0
6070,0
2155,0
5123,0
7274,0
8795,0
6451,0
8446,0
2591,0
3023,0
4815,0
6627,0
6065,0
3444,0
2133,0
9415,0
1213,1
7901,0
6234,0
4642,1
2603,0
4407,1
6446,0
2729,0
7375,0
643,0
3741,1
2638,0
7459,0
858,1
9664,0
8808,0
1103,0
6431,0
2903,1
6074,0
5722,0
4773,1
3038,0
6574,0
6152,0
4415,0
6556,0
8990,0
4255,1
1248,1
3754,0
4556,0
731,1
5001,0
7660,0
8324,0
4021,0
8282,0
7187,0
5200,0
9391,0
7377,0
8834,0
672,0
7777,0
2181,1
7137,0
6505,0
6585,0
3521,1
2529,1
4322,0
1822,0
4018,0
2935,0
5272,0
1440,1
8287,0
1172,1
4432,0
9203,0
6820,1
439,0
7704,0
8899,0
5719,0
1798,0
1504,0
9732,0
268,1
69,1
9778,0
5147,0
1036,0
6275,0
9980,0
9809,0
5872,0
5411,0
1918,0
6778,0
8965,0
2701,1
7334,0
9240,0
3916,0
3152,0
8553,1
9060,0
7500,0
626,1
1834,0
4135,1
6506,0
4625,0
3523,0
1969,0
4046,0
4971,1
2455,0
9186,0
2323,1
4736,1
9128,0
9049,1
9461,1
7241,0
4663,0
1512,0
2626,1
7624,0
488,0
579,0
9573,0
7449,0
739,1
9288,0
8233,0
1472,0
927,1
6901,0
5947,0
1444,0
2816,1
3562,0
543,1
5771,0
6879,0
6053,0
3655,0
7993,0
1756,1
1497,1
4179,0
8212,0
8562,0
6383,0
3159,0
9487,0
912,0
6740,0
3588,0
3260,0
8857,0
721,1
5796,0
65,0
9748,0
2614,1
8270,0
2872,0
1101,0
6457,0
3867,0
6856,0
9705,0
3865,0
3722,1
2174,1
1243,1
4234,1
7262,0
2027,1
3433,0
7517,1
7424,0
6063,0
2152,0
1500,0
4766,1
303,1
7658,0
5334,0
9055,0
7400,0
9690,0
1630,0
8843,0
9952,0
8969,0
2049,1
8697,0
6956,0
9250,0
7946,0
5305,1
3025,1
7325,0
8161,0
4269,1
7271,0
2584,1
3238,0
1704,1
8379,0
2423,0
2774,0
4563,1
381,1
4784,1
7413,0
5627,0
9318,0
887,1
8021,0
7420,0
9927,0
575,1
2908,1
8259,0
8771,0
5097,0
7806,0
5163,0
2499,1
8661,0
915,0
5999,0
5291,0
1651,0
3766,1
8610,1
9698,0
3389,0
4916,0
8796,0
961,0
8166,0
9911,0
9483,0
9388,0
6117,0
1776,1
5190,0
3193,0
3765,0
446,1
2798,0
3162,0
431,1
7390,0
5590,0
4587,0
2822,1
4676,1
2165,0
732,1
8625,0
9371,0
8660,0
3690,0
901,1
1656,1
3155,0
2731,0
2834,1
7318,0
4591,1
4186,0
4740,1
4067,1
1878,1
6589,0
8638,0
6638,0
4450,0
5919,0
4348,1
1807,1
9767,0
7112,0
811,0
1127,0
4701,0
7163,0
3750,1
6101,0
1549,1
5897,0
1996,1
8035,0
601,1
2093,0
639,1
188,0
9146,0
3542,0
9614,1
400,1
6569,0
3585,1
5735,0
8165,0
74,1
870,1
1942,0
7999,0
5683,0
1788,1
1527,0
8074,0
8316,0
934,1
5374,0
3550,0
5460,0
874,1
2571,0
5863,0
6873,0
5927,0
3650,1
4363,1
7151,0
1772,1
1316,0
9441,0
5201,0
3981,0
2159,1
9717,0
2993,1
7302,0
5552,0
8906,0
4240,1
4582,0
3089,1
8840,0
8397,0
7593,0
2143,1
2596,1
8323,0
3454,1
1090,0
2581,0
8192,0
3540,1
1480,1
1945,0
7464,0
4722,0
7298,0
8351,0
5533,0
5007,0
4508,1
3212,1
7323,0
6462,0
396,1
8508,0
8810,0
5150,0
8067,0
273,0
3683,0
294,1
6502,0
8343,0
8678,0
5732,0
366,1
5738,0
4189,0
7148,0
165,0
4973,1
8374,0
5299,0
9670,0
3217,1
9189,0
4765,0
8487,0
2693,0
8143,0
5076,0
8836,0
976,1
2873,0
8740,0
3236,1
2775,0
9355,0
4980,0
2957,0
9885,0
2671,1
5827,0
4035,0
1513,1
5092,0
5285,0
9948,0
881,1
7598,0
5032,0
878,0
3347,1
7353,0
3773,1
5174,0
3448,0
7587,0
4577,0
9469,0
452,0
25,1
1852,0
6485,0
3446,0
6267,0
5168,0
1625,0
2783,0
3817,0
7332,0
2452,1
1221,1
7614,0
6801,0
8826,0
748,1
8652,0
9931,0
6931,0
3494,0
7202,0
8363,0
3626,1
6460,0
8121,0
1916,0
5095,0
9917,1
4465,0
3035,0
6261,0
2158,1
581,1
6758,0
8675,0
9903,0
3891,0
9465,0
2183,1
840,1
5240,0
9514,0
2864,1
8522,0
4253,0
1354,1
8976,0
3575,0
6716,0
9680,0
8467,0
7783,0
4323,0
1695,0
2235,0
3767,0
9277,0
4938,0
5146,0
1635,1
6821,0
6285,0
7084,0
5676,0
8103,0
7069,0
7594,0
8480,0
2520,1
9929,0
7995,0
2060,1
6750,0
4134,1
9866,0
6336,0
1707,1
2240,0
5616,0
684,0
2981,1
7508,0
6646,0
9975,0
7794,0
5435,0
7540,0
9818,0
8080,0
8428,0
3266,0
3809,1
1490,1
9840,0
6664,0
4138,1
1447,1
8561,0
7605,0
8749,0
3839,0
7709,0
3360,0
7027,1
2973,1
1061,1
3780,1
8656,0
614,1
7735,0
1864,1
1078,0
9256,0
2245,1
1184,1
522,0
5534,0
9859,0
1058,0
9899,0
6676,0
9163,0
611,1
4771,0
7920,0
9434,0
772,0
3169,1
5463,0
5976,0
9057,0
2243,1
1003,1
8184,0
7892,0
6441,0
2,0
4726,0
3235,1
6023,0
9458,0
5877,0
7147,0
8083,0
7154,0
8689,1
194,1
7338,0
6832,0
7749,0
5074,0
2849,1
3905,1
1863,0
2606,1
4634,1
553,1
7074,0
4504,0
5837,1
9741,0
7717,0
8136,0
1520,1
2534,1
3361,0
6771,0
660,1
5179,0
4993,0
2752,1
5895,0
6455,0
991,0
5776,0
2839,0
636,0
5122,0
7103,0
6292,0
4321,0
5691,0
2166,1
9204,0
6226,1
6725,0
2991,0
1956,0
6149,0
1515,1
6634,0
7559,0
1105,0
1241,0
9241,0
7174,0
6193,0
1889,1
5279,0
7519,0
8262,0
1920,1
2005,0
5842,0
6647,0
9132,0
3768,0
5834,0
764,0
1774,0
8234,0
1041,1
5040,0
1514,1
2116,0
1134,1
4553,1
7453,0
6029,0
9312,0
7526,0
598,0
7054,0
1809,1
6623,0
6280,1
15,1
4077,1
6731,0
4335,0
597,0
5485,0
7140,0
4843,1
4151,0
5849,1
1874,1
6668,0
4380,1
8845,0
2909,0
8142,0
8043,0
7740,0
4039,0
6796,0
3878,1
845,0
4154,1
8336,0
4241,0
6425,0
7384,0
1155,0
4277,1
8294,0
9604,0
200,1
3140,0
1950,1
9976,0
2915,1
4195,1
6694,0
803,0
4780,1
1394,0
1326,0
3051,0
5360,0
1568,1
618,0
2063,0
47,1
8468,0
2258,0
9756,0
3608,0
6630,0
7943,0
9037,0
9552,0
1930,1
1163,0
9406,0
9084,0
6195,0
2698,1
867,1
3504,0
5817,0
371,0
8481,0
4373,0
44,1
9982,0
9224,0
7240,0
6523,0
2232,1
2251,0
4209,1
5429,0
9021,0
1073,1
4757,1
8580,0
4425,0
2748,0
7867,1
3093,0
814,0
1192,0
438,0
7905,0
7945,1
5333,0
7730,0
344,0
3242,1
8923,0
3897,0
1806,0
3216,1
6558,0
7951,0
2878,0
9418,0
590,0
2192,1
2799,1
4758,0
2216,1
7328,1
2255,1
3422,1
4389,0
3581,1
5287,0
8538,0
988,1
7507,0
4555,1
7600,0
2476,1
8261,0
4237,1
8402,0
3993,0
111,1
5412,0
6161,0
5589,0
5203,0
7751,0
8892,0
4081,0
9227,0
3410,0
3821,1
6363,0
7358,0
7051,0
466,0
8630,0
9291,0
7996,0
3116,0
2882,0
5949,0
219,0
4435,1
4400,0
5043,0
9671,0
7216,0
2137,0
5476,0
7792,0
8528,0
8276,0
8513,0
4182,1
583,0
9624,0
9861,0
9718,0
3435,0
2367,1
368,0
5720,0
9512,0
3923,1
6407,0
4098,1
949,0
3852,0
7283,0
8979,0
180,1
4284,0
7547,0
7432,0
9499,0
9303,0
6608,0
6011,0
1619,1
1014,1
7934,0
2351,1
1419,1
4029,1
825,1
8436,0
7311,0
7,1
3668,0
4374,1
3671,0
1154,1
6829,0
9071,0
7188,0
2910,0
4942,0
531,0
9398,0
3816,1
4305,1
7412,0
9772,0
2906,0
1141,1
4139,0
5948,0
7910,0
4025,0
3901,0
2373,1
8199,0
6891,0
7267,0
2600,0
2555,1
5041,0
821,1
7091,0
2358,0
8506,0
411,1
846,0
9777,0
7423,0
2191,0
4693,0
6754,0
8879,0
1331,1
4976,1
2011,0
7363,0
7072,0
473,0
85,0
9747,1
6945,0
7961,0
6703,0
6124,0
4392,0
3791,0
5974,0
8711,0
7913,0
7929,0
9681,0
9760,0
1359,1
8603,0
920,1
2939,0
6888,0
7937,0
4271,1
4745,1
4854,0
4376,1
4696,1
5594,0
204,0
4635,1
4915,1
177,1
8177,0
2391,1
2418,1
5274,0
7583,0
4471,0
6307,0
1136,1
8078,0
3006,1
645,1
4647,0
7020,0
9935,1
5762,0
7160,0
5922,0
4442,0
2917,0
5308,0
2975,0
1690,1
4561,1
8895,0
7586,0
2095,1
4704,1
9751,0
3860,0
3271,0
4161,0
9990,0
1062,1
2912,1
7535,0
6298,0
5826,0
4414,1
4405,1
4575,1
7971,0
3616,0
4882,0
2528,0
9289,0
1400,0
4926,1
3056,1
7978,0
8036,0
5623,0
3486,1
3173,1
5143,0
4674,1
4424,0
7931,0
3274,1
2328,1
7784,0
9937,0
1178,1
1982,0
2956,0
5253,0
6021,0
8631,0
5086,0
4117,0
4502,1
339,1
5819,0
1896,0
5983,0
3526,1
1528,1
7026,0
4699,1
1190,0
780,0
4214,1
3282,0
8050,0
9158,0
758,1
6257,0
8319,0
408,0
3552,0
7308,0
4705,1
6979,0
798,1
7858,0
5302,0
2691,1
3201,1
943,1
4990,1
1535,1
7543,0
5832,0
2706,1
978,0
5048,0
4170,0
5241,0
7639,0
1118,1
4023,0
7613,0
5222,0
1150,0
8203,0
1352,1
3330,0
399,0
7635,1
1967,0
9578,0
693,0
9897,0
2026,1
7775,0
5264,0
56,1
9089,0
5018,0
3279,1
1223,0
2545,1
7772,0
3440,1
2940,0
9081,0
5357,0
6958,0
549,1
5155,0
3946,1
1111,1
1264,1
9020,0
7219,0
7156,0
8213,0
7244,0
9161,0
4737,0
6072,1
7854,0
2773,0
6863,0
5603,0
4093,1
5508,0
9659,0
1372,0
7355,0
4313,0
3964,0
178,0
4963,1
4667,1
3639,0
7682,0
7667,0
2350,0
3815,1
1214,0
8214,0
2401,0
5538,0
2760,1
118,1
6635,0
9446,0
8219,0
1256,1
3587,0
8303,0
8961,0
5798,0
6018,0
7176,0
8800,0
9082,0
6096,0
3037,0
7385,0
1786,1
6545,0
8456,0
6180,0
2018,1
4188,1
407,0
4180,1
7940,0
5622,0
7327,0
8915,0
7710,0
1273,1
7294,0
2346,0
8189,0
6476,0
2661,0
8737,0
5062,0
3042,0
3881,0
7711,0
9094,0
9497,0
8300,0
8346,0
6735,0
4598,0
3565,0
8498,1
8937,0
7402,0
6984,0
2871,0
8253,0
9550,0
7346,0
6765,0
3884,1
6861,0
2805,1
2031,0
668,0
7944,0
2492,1
1541,0
3362,0
1710,0
3866,0
3945,1
9593,0
9105,0
1157,0
5098,0
9841,0
4983,0
6210,0
8193,0
4841,1
9754,0
3351,1
4725,0
3831,1
5932,0
398,1
3602,1
5127,0
6644,0
23,0
9394,0
2680,0
7442,0
3409,0
2186,0
5673,0
2582,0
3907,1
433,1
1137,0
6444,0
6369,0
9393,0
3672,1
7197,0
8269,0
3675,0
279,1
9048,0
1129,0
4648,1
4099,1
4775,1
3114,1
9502,1
8926,0
670,1
3209,1
8141,0
4747,0
8713,0
9577,0
1478,1
9527,0
7525,0
8240,0
1537,0
689,1
338,0
7093,0
7455,0
4911,1
1461,0
1106,1
8784,0
9726,0
8209,0
3130,0
351,0
2177,0
8034,0
3198,0
3085,1
2306,0
7205,0
9068,0
1569,1
6126,0
1361,1
307,0
7029,0
8356,0
2999,1
3634,1
4210,1
6110,0
6386,0
9043,0
3589,1
7861,0
4228,1
6361,0
2784,0
6245,0
8195,0
5794,0
5384,0
515,1
3303,0
3294,0
281,0
7064,0
6355,0
4823,0
2434,0
5125,0
4900,1
7025,0
4045,1
8304,0
2979,0
5661,0
6737,0
4665,1
9369,0
1780,1
9592,0
3439,0
723,0
3334,0
1282,0
9532,0
9521,0
7031,0
4022,0
5410,0
653,1
5421,0
2735,1
4185,1
1927,0
3288,0
1861,0
4496,1
185,0
8009,0
4837,1
6439,0
1195,1
6128,0
3944,1
365,0
3301,0
2817,0
1869,0
3221,0
2190,1
4687,0
1210,0
5884,0
5754,0
9955,0
9535,0
6993,0
9509,0
26,1
120,0
9210,0
8026,0
634,1
8657,0
6295,0
5442,0
851,1
6839,0
1425,1
1199,0
5789,0
7686,0
2828,1
7742,0
2644,1
7997,0
7917,0
8555,0
5882,1
3142,0
6302,0
5909,0
3643,1
7826,0
6800,1
7403,0
8982,0
8478,0
6524,0
4236,0
2298,1
6987,0
2490,1
8180,0
4303,1
3380,0
8181,0
3642,0
7124,0
5688,0
9319,0
3325,0
4474,1
3453,1
4679,0
8001,0
4257,1
8702,0
9035,0
4286,0
3267,0
5399,0
7481,0
3719,0
6981,0
7506,0
5591,0
1160,1
1120,0
2271,1
1280,1
9569,0
8357,1
6251,0
84,0
6794,0
6058,0
657,0
4970,0
566,0
1369,0
9150,0
6658,0
8814,0
3475,1
6376,0
5865,0
2575,0
6588,0
2972,0
955,1
6379,0
9742,0
4839,1
7514,0
8958,1
7534,0
619,0
5367,0
8823,1
7712,0
4866,0
8264,0
9882,0
6639,0
3951,0
5173,0
3623,0
3482,1
4732,1
610,1
4239,0
9906,0
8108,0
1854,0
6535,1
9814,0
2548,1
7716,0
4201,1
238,0
6272,0
606,0
7650,0
6270,0
453,0
7785,0
8693,0
2994,1
3371,0
5268,1
6297,0
3568,0
7398,0
5426,1
7696,0
3950,0
8350,0
8145,0
5197,0
2336,1
9093,0
1795,0
793,1
4923,0
8858,0
5639,0
6840,0
9067,0
6961,0
8507,0
3697,1
1012,0
3261,1
6160,0
6183,0
6303,0
9645,0
5059,0
3818,0
1123,1
1275,1
4411,0
2172,1
1856,0
7181,0
9959,0
6761,0
8811,1
2983,1
9414,0
9540,0
3498,0
4489,1
4964,1
5656,1
4454,1
2139,0
2602,1
3665,0
2769,0
7450,0
5470,0
3113,0
5312,0
6682,0
1064,0
1408,0
1726,1
9308,0
3693,1
4649,0
6364,0
9505,0
5428,0
6140,0
7825,0
6343,0
347,1
4283,1
6975,0
7756,0
8537,0
3957,0
3760,1
3790,1
9401,0
8472,0
5383,0
1042,0
4352,0
6496,0
6390,0
4341,1
9940,0
6632,0
7915,0
2640,1
5237,0
7357,0
7726,0
336,1
7877,0
8672,0
2642,0
8040,0
5728,0
7161,0
8097,0
6083,0
7273,0
2484,0
8000,0
9397,0
3870,1
2695,0
3590,0
3487,0
1727,0
2641,0
544,1
6220,0
4111,0
9918,0
2437,1
1362,1
6663,0
706,0
3349,0
1877,0
6907,0
2340,1
285,0
7797,0
4927,1
1469,1
8634,0
8488,0
7891,0
1805,1
4169,1
9783,0
7829,0
4317,0
3663,1
4136,0
5114,0
425,1
5705,0
6572,0
9324,0
6755,0
1193,1
2242,1
5161,0
856,1
6326,0
5694,0
5423,0
3442,0
6769,1
6254,0
8148,0
9595,1
4418,0
440,1
5473,0
6593,0
5633,0
7561,0
7962,0
8509,0
7761,0
7123,0
9701,0
4764,0
2664,0
8305,0
2488,0
372,0
236,1
5202,0
9561,1
3277,0
8589,0
7975,0
1972,1
282,1
7596,0
8925,0
8486,0
6259,0
9766,0
3688,1
9001,0
3320,0
6430,0
8033,0
2321,0
1617,1
4872,0
8015,1
8946,0
293,1
89,0
8164,0
918,0
3492,1
8503,1
6293,1
4448,1
5522,0
9598,0
6222,1
7782,0
659,0
1427,1
1268,1
6738,0
629,0
2061,0
2703,1
3462,0
2711,1
1247,0
3418,1
4470,1
8975,0
7672,0
7580,0
3370,1
4550,0
5191,0
2868,0
3414,0
8542,1
756,0
1055,1
2761,0
403,1
5175,0
5258,0
182,0
3187,0
2610,1
9151,0
6746,0
5359,0
7504,0
3657,0
6980,0
1557,1
6997,0
4779,0
5578,0
1507,0
9366,1
7805,1
3094,1
1485,0
2617,0
1870,1
109,1
8406,0
2967,0
2517,1
6573,0
8942,0
8536,0
8637,0
6348,0
9501,0
1698,0
6826,0
6091,1
6954,0
2931,1
2889,1
9353,0
1390,0
6744,0
8967,0
2495,1
2656,0
9709,0
5795,0
1521,0
4671,0
4809,0
5210,0
8014,0
525,1
9024,0
4089,0
9950,0
8560,0
6408,0
9908,0
1418,1
4578,0
702,1
896,0
3502,0
2612,0
7203,0
2376,0
3379,1
7738,0
4372,1
6437,0
4518,1
2439,1
4960,1
1553,1
9581,0
7300,0
1652,1
6790,0
5733,0
9603,0
4059,1
6020,0
9194,0
9124,0
5381,0
7545,0
6994,0
289,0
4836,1
9026,0
6076,0
2609,1
2776,1
539,0
8856,0
4086,1
4690,0
5425,0
382,0
413,0
5325,0
2489,1
6169,0
7501,0
2562,0
1890,1
5015,0
8901,0
5734,0
4897,0
633,0
4720,0
4928,1
428,0
5298,0
1139,1
6739,0
6601,0
8896,0
7121,0
1755,0
6062,0
9281,0
7013,0
3564,0
9902,0
4054,1
3005,1
3457,0
4930,1
4821,1
7439,0
6550,1
6722,0
8780,0
4682,1
5595,0
8461,0
2491,1
1684,0
8293,0
3976,1
7843,0
5963,0
8870,0
7708,0
5109,0
4833,1
5493,0
1678,0
3924,1
4202,1
8235,0
1314,1
1966,1
2646,0
4863,0
8064,1
4639,1
5498,0
6799,0
796,1
9806,0
3449,0
6671,0
1304,0
3922,0
4852,1
9622,0
2281,1
7474,0
3306,1
4614,1
841,0
6276,0
4919,1
8726,0
7060,0
4840,0
563,0
2357,0
9731,0
1990,1
4601,1
5686,0
391,1
6780,0
7987,0
2598,0
7099,0
1386,0
2852,1
7859,0
9218,0
8578,0
3088,0
3927,0
2846,0
3476,1
1267,0
8628,0
8645,0
7692,1
9272,0
7044,0
4304,0
7144,0
2565,0
6806,0
4509,0
5482,0
2727,0
3,0
5369,0
7388,0
5443,0
5198,0
889,1
3131,0
4500,1
1993,1
7776,1
1393,0
826,1
5636,0
7046,0
6398,0
8729,0
8169,0
8606,0
593,0
794,1
7974,0
5653,0
9549,1
2407,0
835,1
754,1
8837,0
4049,1
2765,0
5535,0
673,1
9003,0
2525,0
315,0
1107,1
3192,1
2682,0
415,0
4280,0
7795,0
1169,1
7171,0
8653,0
4140,0
9560,0
8531,0
5130,0
1973,0
6544,0
4291,1
6996,0
2831,0
9531,0
8742,0
4356,0
8002,0
4115,0
3617,0
5361,0
8629,0
1603,0
8601,0
9846,0
3544,0
8739,0
9008,0
7531,0
3847,0
7410,0
3792,0
5469,0
7646,0
3375,0
5373,0
2312,1
3000,1
5980,0
1573,0
2870,0
1643,1
904,0
1523,1
2978,0
7752,1
4302,0
3947,1
9135,0
5276,0
6214,0
2000,1
5820,0
9725,0
9133,0
5890,0
3097,0
1859,0
6256,0
6433,0
6350,0
4638,0
4306,1
36,1
9168,0
2205,0
2028,1
1348,0
9617,0
276,0
9706,0
1538,0
464,0
807,0
7145,0
6227,0
7212,0
4014,0
8973,0
5236,0
6391,0
3513,0
8066,0
6566,1
2117,1
5116,0
4096,0
9464,0
4893,0
3935,1
6711,0
7528,1
6775,0
3129,1
7764,0
5257,1
2563,0
7725,0
4532,1
2634,1
6612,0
1736,1
4378,0
9321,0
2616,1
3879,1
6495,0
7392,0
112,1
2332,1
1371,0
1561,1
9290,0
609,1
270,0
7542,0
1145,0
8501,0
5638,0
17,1
7440,0
4203,1
8012,0
2666,1
8525,0
2386,0
2996,1
8663,0
1142,0
1796,1
6986,0
8465,0
4590,1
4281,0
615,0
7617,0
687,1
8104,0
6893,0
155,0
2458,1
2619,1
6900,0
2946,0
1027,1
1091,1
1912,0
1454,0
465,1
9795,0
9649,0
9086,0
392,1
8621,0
6908,0
9396,0
108,1
8386,0
9421,0
5975,1
2901,1
9457,0
8799,0
729,1
2067,0
7918,0
1658,0
3925,0
6416,0
2772,0
8059,0
9736,0
9635,1
5346,0
910,0
2500,0
3828,0
4064,1
2198,1
5549,0
8875,0
3287,0
3787,1
4163,0
2054,0
7548,0
497,1
7037,0
6112,0
6420,0
9188,0
5207,0
110,0
8515,0
7533,0
3185,0
8662,0
9758,0
2527,0
8880,0
4619,0
2686,1
9429,0
9064,0
2219,1
7342,0
3222,1
6354,0
1276,0
7395,0
37,0
4848,0
6762,0
2855,1
1360,1
1739,1
7215,0
9688,0
5576,0
5434,0
4918,1
6105,1
2516,1
1735,0
3527,1
9047,1
2269,0
1240,1
5008,0
6602,0
2369,1
3625,1
2928,0
3391,0
9928,0
7126,0
9808,0
9563,0
4992,0
746,0
8120,0
8444,0
907,0
4948,1
520,0
7850,0
9439,0
8864,0
7130,0
9170,0
5181,0
8277,0
2020,0
8151,0
3892,1
5036,0
3699,0
8499,0
7935,1
1860,1
542,1
738,0
7498,0
7359,0
2963,0
81,0
5896,0
8700,0
8730,0
9934,0
1109,1
6696,0
260,1
5480,0
5281,0
7339,0
360,0
620,1
7345,0
4208,1
4914,1
8211,0
9311,0
1187,0
504,1
8462,0
6106,0
1430,1
7926,0
9278,0
7908,0
9449,0
7569,0
1165,1
8933,0
2048,0
8599,0
486,1
14,1
2230,1
4827,1
6710,0
4522,0
6186,0
7878,0
9890,0
4446,0
8231,0
7695,0
9252,0
6331,0
5254,0
2096,1
3812,0
1638,0
7616,0
2494,1
1516,1
6527,0
8867,0
3115,1
6707,0
735,0
3631,1
1392,1
4350,1
1551,0
7539,0
694,0
8442,1
2272,1
6914,0
1728,0
5358,0
6332,0
6924,0
7930,0
6745,0
7002,0
6577,0
7637,0
5354,0
7690,0
8182,0
8445,0
2475,1
763,0
5440,0
6339,0
1839,0
1544,1
9601,0
4808,1
7641,0
1384,0
3813,1
7389,0
4895,0
1583,1
718,1
4929,0
7370,0
2083,1
8084,0
9800,0
6312,0
6741,0
1146,0
6699,0
4959,0
4570,1
5912,1
5875,0
817,0
3378,0
7503,1
8308,0
8686,0
8447,0
9874,0
5559,0
3997,0
5883,0
8994,0
7724,0
6913,0
6123,0
3465,0
1339,0
4248,1
6628,0
4988,1
5140,0
5189,0
2768,1
1445,0
2326,1
8529,0
6926,0
2109,1
819,1
3316,1
5648,0
7895,0
3125,1
6670,0
3743,0
5483,0
6965,0
7030,0
7879,0
7663,0
3774,1
1218,1
8914,0
3883,0
2513,1
8037,0
4594,0
7092,1
4058,1
6467,0
8754,0
2453,0
5488,0
5838,0
9891,0
3110,0
4155,1
9762,0
9165,0
7618,0
3014,0
6483,1
2105,1
3066,1
9030,0
6864,0
5379,0
1495,0
4816,1
7117,0
7657,0
1601,1
9779,0
7024,1
9379,0
8860,0
4436,1
7475,0
8756,0
5398,1
402,0
551,0
1646,0
2293,0
7837,0
1754,1
749,0
3251,1
9835,0
5702,0
5640,1
2820,1
78,1
5081,0
5234,0
6286,0
5679,0
4888,0
448,1
9454,0
6448,0
9834,0
1132,1
917,1
2613,1
1828,1
5828,0
8435,0
423,1
9868,0
8762,0
4075,1
5545,0
221,1
6322,0
6803,0
4314,1
6883,0
7977,0
7939,0
3605,0
8133,0
9120,0
9988,0
916,0
8945,0
104,1
5101,0
5563,0
4262,0
2218,0
733,0
1333,1
7541,0
3512,0
2035,0
8383,0
8124,0
1708,1
1811,1
231,0
1781,0
6025,1
4782,0
5120,0
1923,0
6963,0
4055,1
1428,0
3244,1
4957,0
3841,1
6223,0
3083,1
1255,0
9516,0
5839,0
3109,0
3443,0
6675,0
5060,0
8197,0
5265,0
8273,0
4986,0
195,1
2913,1
7152,0
4890,1
7982,0
3836,0
6419,0
2568,1
4991,0
2051,0
9782,0
6770,0
7014,0
3028,0
5902,0
9211,0
6607,0
8268,0
3076,0
9704,0
3106,1
6269,0
7636,0
6204,0
9270,0
9943,0
447,0
199,0
1047,1
4521,0
3323,1
493,0
2692,0
4429,1
2848,0
6978,0
2803,1
1941,1
4838,0
4975,0
8208,0
8575,0
6548,0
9761,0
9425,0
8290,0
6233,0
745,1
7206,0
2694,0
4814,0
7697,0
5504,0
2125,0
7457,0
8556,0
4367,1
6988,0
3846,0
6499,0
3256,1
5741,0
5610,0
1231,1
8847,0
994,1
4288,0
7354,1
2265,1
6661,0
6690,0
5479,0
9788,0
1437,0
9274,0
5860,0
1092,0
3292,1
1443,1
5378,0
6229,0
4205,1
7770,0
3820,1
4381,0
3725,0
655,0
5275,0
9541,0
5597,0
2457,1
956,0
9273,1
3121,0
9946,0
2156,0
3135,0
6066,0
3660,0
7706,0
5438,0
2810,1
5928,0
9051,0
9919,0
8705,0
3755,0
6002,0
9881,0
558,1
812,1
9148,0
6912,0
6481,0
2403,1
8962,1
8573,0
218,0
9900,0
5894,0
5010,0
5618,0
2462,0
2951,1
2201,0
3825,0
1121,0
6724,0
3118,1
596,1
9737,0
2430,1
9357,0
9896,0
1873,1
8918,0
2474,1
1226,0
3428,1
2446,1
1946,0
5952,0
4812,1
8819,0
2371,1
8586,0
8218,0
9149,0
5406,0
6559,1
6848,0
6828,0
3365,1
6374,0
2101,1
6814,0
2173,1
9979,1
510,0
3621,0
7911,0
3713,1
2894,0
5824,0
1885,1
9740,0
2347,0
5355,0
8360,0
8572,0
2299,0
3295,1
5879,0
8091,0
891,1
8924,0
6202,0
5663,0
7588,0
9829,0
6501,0
9336,0
3700,1
7876,1
4368,0
5495,0
5427,0
5329,0
708,1
2718,1
3488,1
6802,0
2456,1
2737,0
3473,0
6442,0
4172,0
9745,0
6950,0
8463,0
5582,1
7209,0
5525,1
2713,1
353,1
7382,0
5417,0
4477,0
4880,1
1934,1
8718,0
5547,0
6599,0
230,1
8774,0
3067,0
2478,1
5772,0
6704,0
3757,0
2948,0
2362,0
2392,0
3248,1
3848,0
2842,0
1935,1
2443,1
5668,1
8524,1
1751,1
6370,0
6042,0
9613,0
3196,0
5364,0
8854,0
2331,0
2224,1
6373,0
8721,0
9365,1
8230,0
9206,0
2237,0
3974,0
877,1
1534,0
4260,0
6536,0
7407,0
3319,0
5185,0
1994,0
7366,0
1618,0
2222,0
1212,1
3988,1
6308,0
9079,0
2236,1
6480,0
3926,0
7438,0
4267,1
8747,0
4731,1
3937,1
6935,0
1045,1
3934,1
1100,1
6759,0
3900,0
7035,0
6179,0
5601,0
5497,1
2428,0
2055,0
1672,1
4884,0
8809,0
7807,0
6841,0
6047,0
8106,0
2399,0
4336,0
176,0
1161,0
6875,0
604,0
1602,1
3678,0
663,1
5289,0
183,1
2135,1
1317,0
29,1
8129,0
2652,1
8376,1
3459,1
6,1
4466,0
7662,0
8665,0
1018,1
1431,0
7005,0
2276,0
9302,0
8331,0
7223,0
168,0
6228,0
9588,0
2954,0
4939,0
4678,1
7769,0
557,1
1066,0
3458,0
5607,0
8704,0
5998,1
8247,0
9553,0
2021,0
7718,0
2146,1
971,0
4100,0
8963,0
7019,0
2672,0
682,0
5453,0
9904,0
1931,0
7253,0
7330,0
1350,0
2314,1
7309,0
1769,0
6910,0
3572,0
7326,0
5770,0
4460,0
7255,0
1952,0
6311,0
2905,0
6511,0
574,1
7916,0
2325,0
2987,1
7979,0
7211,0
3756,1
3084,0
8332,0
8418,0
2585,0
9374,0
196,0
6362,0
8970,0
8174,1
8479,0
1928,0
2844,1
6651,0
2244,0
1239,0
8779,0
4632,1
4178,0
27,1
9306,0
9419,0
1292,1
4083,1
7523,0
3151,0
8047,0
7218,0
699,1
356,1
3967,1
7936,0
5044,0
8521,1
7214,0
1128,0
5724,0
8670,0
905,1
7846,0
6472,0
967,1
9839,0
1539,0
8807,0
9964,0
5487,0
5782,0
1153,0
9219,0
3011,0
1180,0
2716,0
842,1
9376,0
4265,1
3770,1
8394,0
1059,1
3400,0
900,1
2660,0
536,1
21,0
1693,0
6323,0
5458,0
640,1
2115,1
9887,0
6192,0
8162,0
7293,0
1175,0
6564,0
8437,0
3481,0
5823,0
1056,1
8236,0
2144,1
2145,1
5650,0
4617,0
9147,0
2841,0
241,0
9335,0
2389,1
6044,0
2542,0
2440,0
5013,0
151,0
9650,0
3843,1
942,1
5530,0
4387,1
960,1
6099,0
1037,0
3667,0
6842,0
3904,1
9636,0
5242,0
1167,0
457,0
1420,0
6381,0
1830,1
7821,1
6519,1
4826,1
2082,1
1612,1
8088,0
4080,0
9092,0
7570,0
1718,0
7122,0
8801,0
3179,1
4327,0
6104,0
4183,1
8049,0
5651,0
1891,1
5296,0
6656,0
3666,0
2467,0
9992,0
6959,0
1606,1
3136,0
5821,0
6200,0
7344,0
49,0
5512,0
1792,1
7959,0
3637,0
94,0
4461,1
6665,0
5248,0
4689,0
3698,0
6177,0
4036,0
1245,1
2147,0
2577,1
5579,0
3826,0
4274,0
7248,0
7554,0
3857,0
3352,1
6043,0
3582,1
2260,0
5542,0
6772,0
1278,1
9130,0
3834,1
9961,0
8622,0
4108,1
3518,1
3709,0
1919,1
6073,1
1752,0
7849,0
3052,0
3055,1
8389,0
1748,1
9729,1
422,1
454,0
7070,0
6447,0
72,0
1470,1
9102,0
8732,0
4877,0
4750,1
2050,1
4653,1
6277,0
7921,0
1479,1
6660,0
6726,0
6449,0
4344,0
5020,0
7478,0
6616,0
1405,1
2921,0
1763,0
898,0
1797,0
8055,0
872,1
7520,0
9009,0
1489,0
612,0
1387,0
4175,0
7062,0
3579,0
3071,0
3971,1
7175,0
5829,0
7401,0
2543,1
5152,0
3395,1
7351,0
8566,0
2425,1
2869,0
7277,0
4391,1
1737,0
4073,1
2934,0
9197,0
8309,0
573,1
707,1
6146,0
68,0
940,1
7845,0
9579,0
5484,0
8922,0
498,0
7173,0
8910,0
7306,0
3786,0
6650,0
3171,0
6246,0
8439,0
6637,0
2034,1
8022,0
6622,0
1162,1
173,1
4795,1
7966,0
1833,0
2566,1
9004,0
7949,0
8635,0
3717,0
2138,1
1033,0
3651,1
9781,0
7661,0
362,0
3536,0
3096,0
2039,0
5797,0
2929,0
7924,0
5784,0
153,1
3046,1
5658,0
6138,0
8475,0
923,1
9655,0
2523,1
1168,1
1019,0
3386,0
5266,0
2509,0
7010,0
5350,0
4419,0
6563,0
6764,0
6938,0
8559,0
6825,0
2539,0
7374,0
7986,0
6030,0
3073,0
7088,0
7157,0
3491,1
1687,1
7247,0
3873,0
3134,1
6591,0
9242,0
5282,0
376,0
4225,0
7229,0
5449,0
9045,0
6706,0
9566,0
7361,0
3777,0
7582,0
1547,0
4892,1
1038,0
8176,0
2075,0
9036,0
8095,0
244,1
3977,1
9296,0
1067,0
584,0
570,0
3515,1
3811,0
77,0
843,1
5793,0
2333,0
6135,0
587,0
8335,0
8063,0
9851,0
9126,0
8345,0
7100,0
998,0
7576,0
9007,0
4196,0
2208,1
8609,0
3496,1
2395,1
4717,0
1632,1
6917,0
2233,0
696,1
6358,0
1622,0
5624,0
6554,0
2850,1
5244,1
1697,1
3938,1
3876,0
5215,0
2551,0
882,0
767,0
6576,0
8171,0
5930,0
5940,0
9119,0
4476,0
7765,0
9969,0
7320,0
2182,0
4940,1
2317,1
8648,0
4319,0
6084,0
9811,0
6188,0
8608,0
6560,0
3070,0
9960,0
9466,0
724,1
2408,0
8322,0
341,0
5297,0
82,0
4931,1
4216,0
3226,1
4724,1
7976,0
4315,1
1338,1
8569,0
715,0
6618,0
6240,0
9229,0
4479,1
8131,0
7411,0
5111,0
1501,0
8632,0
40,0
3204,0
789,1
3276,0
7118,1
556,0
1518,0
5670,0
628,0
250,0
2976,0
4831,0
2856,1
4984,0
3199,0
4393,0
4857,1
7834,0
7104,0
9011,0
2041,0
9041,0
9472,0
7303,0
2757,1
5315,0
9480,0
8359,0
911,1
3696,0
7372,0
2382,0
9642,0
1671,0
8228,0
6279,0
8618,0
8724,0
2076,0
8246,0
4819,1
630,1
5376,0
7516,1
4412,0
7284,0
8155,0
8595,0
5437,0
1745,0
6967,0
1374,0
8243,1
5106,0
9641,0
5971,0
9612,0
7869,0
4554,0
6197,0
9619,0
9554,0
6360,1
246,0
1147,1
4386,0
3503,0
1592,1
5608,1
35,1
4910,1
2410,1
1773,0
6838,0
5136,0
2469,1
1662,1
8440,0
6016,0
3932,0
5973,0
6672,0
7495,0
8778,0
8147,0
3190,0
7009,0
3511,0
340,1
3004,1
8570,0
500,0
6919,0
5572,0
7702,0
6991,0
8540,0
4703,1
4152,0
816,1
5717,0
9127,0
5448,0
1871,0
9364,0
4364,1
265,1
9589,0
2348,1
320,0
3080,1
8579,0
8494,0
4398,1
4347,0
5721,0
6503,0
7980,0
6736,0
2977,0
7053,0
8150,0
4413,0
5799,0
4307,0
642,0
9991,0
5017,0
6054,0
8245,0
1492,0
3712,1
6712,0
3333,0
2022,0
1291,1
7476,0
8894,0
1886,0
3911,1
6189,0
215,0
1819,0
1074,1
6654,0
8224,0
6934,0
3684,0
7071,0
3913,0
3263,1
5769,0
7719,0
6255,0
9893,0
588,1
6487,0
7394,0
4885,0
2270,1
8085,1
4702,1
6290,0
378,0
777,1
169,1
9562,0
2704,1
6717,0
4326,0
9862,0
1423,1
2933,1
9118,0
8251,0
782,1
6708,0
3032,1
4501,1
2077,1
1505,0
8964,0
2688,0
2599,0
6148,0
4810,1
6100,0
7608,0
2888,0
2187,0
409,0
1269,0
3388,0
3160,1
9914,0
2792,0
317,1
4981,0
6951,0
3021,0
2926,1
6552,0
2866,0
8111,0
3063,1
2857,0
5239,1
8272,0
6142,1
8094,0
6402,0
7415,0
3644,0
3040,1
1407,1
2794,1
1689,1
6515,0
2503,0
2086,1
1404,0
3747,1
9115,0
8785,0
3885,1
5343,0
4204,0
3229,0
9660,0
2687,0
637,1
6452,0
1323,0
3796,1
3851,1
9359,0
7947,0
2460,1
9221,0
496,1
5052,0
60,0
9383,0
664,1
2629,1
2730,0
5377,0
4457,0
9832,0
1305,0
7790,0
9251,0
6250,0
8077,0
9889,0
892,0
3126,1
5088,0
2229,0
6992,0
1457,1
5227,0
6718,0
1208,0
5261,0
2128,0
8817,0
6378,0
3166,0
2968,0
3894,0
4330,1
6809,0
2372,0
8514,0
2384,0
2131,1
2725,1
5080,0
4130,1
7360,0
7906,0
9694,0
5327,0
4609,1
4012,1
8733,0
8828,0
1151,0
1207,0
2363,1
2677,0
5845,0
1410,1
6393,0
1570,0
5657,0
3896,0
2436,1
6409,0
1949,1
5338,0
2006,0
8518,0
7230,0
9196,0
6424,0
6620,0
8674,0
1804,0
2989,1
1225,0
1757,1
4094,0
1596,1
3079,0
4817,1
4127,1
9363,0
9696,0
6436,0
9575,0
2297,1
6592,0
8188,0
6317,0
2674,0
7182,0
4478,1
8707,0
9267,0
6132,0
2266,0
5049,0
7242,0
7417,1
4774,0
1636,0
8339,0
9034,0
1209,1
3753,1
9287,0
6456,0
6061,1
3677,0
4700,1
6085,0
750,0
8781,0
9496,0
7097,0
4865,1
4369,0
1742,1
2974,0
3695,1
1318,0
1579,1
7077,0
7469,0
547,0
9262,0
6113,0
7251,0
3206,0
1660,0
9384,0
4968,0
1363,0
7988,0
6667,0
482,0
7387,0
8016,0
4251,1
9880,0
9515,0
5516,0
7656,0
6443,0
2819,1
3202,0
2594,1
3213,0
393,1
2607,1
5540,0
4769,0
9956,0
6851,0
4807,1
8370,0
9408,0
7312,0
8715,0
3220,1
969,0
4266,0
1765,1
4351,1
3890,0
8284,0
9513,0
5321,0
1263,0
1005,0
568,1
7484,0
6876,0
7754,0
791,0
8831,0
1242,0
7012,0
3649,0
7341,0
8311,1
1266,1
7694,0
206,0
5313,0
550,1
1112,1
4191,1
1555,1
1235,0
8426,1
9863,0
1563,0
6296,0
5649,0
9027,0
8280,0
1259,0
3034,1
280,1
4141,0
5026,0
5154,0
2937,0
4308,1
7731,0
7058,0
8255,0
1237,1
2618,0
728,0
2797,0
4874,1
1411,0
3797,0
3761,0
8362,0
9685,0
1637,1
3058,1
2164,1
7081,0
2393,1
3992,1
701,0
1135,1
5317,0
9510,0
7609,0
3075,0
9476,0
3737,0
256,0
5188,0
8714,0
4247,1
8344,0
4082,1
6714,1
6871,0
6582,0
913,1
300,0
9078,0
585,0
879,1
5517,0
1903,0
5409,0
2148,0
2059,1
7992,0
6357,1
8377,1
7888,0
331,1
1844,0
1113,1
5687,0
6941,0
7276,0
8404,0
4329,0
140,0
1850,1
6019,0
774,0
2064,0
9794,0
5646,0
4951,1
993,0
5217,0
9668,0
4397,0
6394,0
8430,0
2406,0
5997,0
4394,0
6513,0
1471,0
7263,0
2071,0
5541,1
6985,0
4804,0
395,0
7802,0
7816,0
5907,0
1729,1
1585,1
7557,0
1503,0
7665,0
9646,0
7900,0
4684,1
7319,0
9040,0
2487,1
3466,1
4224,1
1274,0
521,1
145,1
2202,1
6059,0
3574,1
1307,0
5481,0
3429,1
6003,0
7178,0
401,1
225,0
9073,0
5439,0
2853,0
330,1
759,0
6583,0
8890,0
4623,1
7266,0
146,1
866,1
1016,1
8547,0
5693,0
8842,0
6475,0
1771,1
7748,0
4523,1
5118,0
4645,0
3632,0
3546,0
880,0
4825,0
7225,0
290,1
9300,0
6587,0
7687,1
6252,0
4434,1
6584,0
6459,1
9522,0
5224,0
2663,1
2553,1
4276,1
2074,0
5800,0
8852,0
9023,1
7544,0
4275,0
6553,0
3404,1
9390,0
6760,0
5149,0
318,1
2883,0
7771,0
4741,1
1080,1
7822,0
5986,1
1077,0
2315,0
5859,0
6847,0
1289,0
1449,1
8684,0
9884,0
4357,0
5004,0
2893,0
1456,1
8158,0
8703,0
7235,0
658,1
1455,1
5216,0
6395,0
6581,0
2896,1
8597,0
2404,0
2749,1
343,1
8928,0
9129,0
4007,1
7589,0
902,0
4714,0
5194,0
3563,0
3726,0
6365,0
5235,0
3943,1
2194,1
5394,0
2103,0
6121,0
4672,0
3724,1
2814,0
737,1
8310,0
9558,0
2080,1
8903,0
9786,0
6570,0
8020,0
9368,0
4662,0
666,0
8851,0
7866,0
9570,0
5322,0
8576,0
3874,0
3638,1
8149,0
5204,0
6172,0
284,1
7132,0
6414,0
4506,0
1992,0
3485,0
6384,0
8855,0
7008,0
7086,0
6401,0
7727,0
2724,1
6040,0
649,0
2015,1
765,0
6411,0
760,0
8381,0
6410,0
9920,0
9738,0
2592,0
309,0
5030,0
3517,0
6333,0
7732,0
99,0
1,1
1204,0
4879,0
7839,0
113,0
4834,0
9338,0
114,1
5698,0
6013,0
1271,0
91,1
7654,0
1640,1
7090,0
680,0
4583,1
